,Age,Inc_group,Gender,Dead to Dead,Dead to Good Health,Dead to Poor Health,Dead to NH,Dead to HHC,Good Health to Dead,Good Health to Good Health,Good Health to Poor Health,Good Health to NH,Good Health to HHC,Poor Health to Dead,Poor Health to Good Health,Poor Health to Poor Health,Poor Health to NH,Poor Health to HHC,NH to Dead,NH to Good Health,NH to Poor Health,NH to NH,NH to HHC,HHC to Dead,HHC to Good Health,HHC to Poor Health,HHC to NH,HHC to HHC,Good Health at t,Bad Health at t,NH at t,HHC at t
0,50,1,1.male,4,0,0,0,0,2,118,26,0,3,8,24,58,0,5,0,0,0,1,0,2,2,2,0,5,149,95,1,11
1,51,1,1.male,7,0,0,0,0,2,255,47,0,5,6,55,127,0,5,0,0,0,1,0,1,5,10,1,7,309,193,1,24
2,52,1,1.male,7,0,0,0,0,9,332,64,2,11,14,72,173,2,12,0,0,0,0,0,4,9,7,0,19,418,273,0,39
3,53,1,1.male,8,0,0,0,0,9,444,104,0,15,14,87,218,3,29,2,0,0,0,0,10,8,14,2,15,572,351,2,49
4,54,1,1.male,14,0,0,0,0,3,527,93,2,16,24,102,273,0,19,0,0,0,1,0,6,18,21,0,18,641,418,1,63
5,55,1,1.male,15,0,0,0,0,13,612,132,1,15,22,112,341,3,29,2,1,0,5,1,9,11,35,2,23,773,507,9,80
6,56,1,1.male,16,0,0,0,0,11,632,118,0,21,25,115,340,2,32,0,0,0,4,1,9,13,18,2,17,782,514,5,59
7,57,1,1.male,21,0,0,0,0,13,692,121,1,20,38,132,367,2,31,0,0,0,3,0,10,22,28,4,21,847,570,3,85
8,58,1,1.male,19,0,0,0,0,14,648,141,1,22,48,129,360,3,33,0,2,0,9,1,7,11,25,2,19,826,573,12,64
9,59,1,1.male,18,0,0,0,0,22,639,140,0,28,45,125,354,4,39,0,1,1,3,0,8,20,19,8,22,829,567,5,77
10,60,1,1.male,25,0,0,0,0,21,648,130,3,13,39,146,345,7,27,4,0,1,8,0,4,21,19,1,20,815,564,13,65
11,61,1,1.male,26,0,0,0,0,23,653,135,0,25,43,126,351,4,44,5,1,1,7,1,10,21,32,2,25,836,568,15,90
12,62,1,1.male,29,0,0,0,0,24,675,139,2,21,33,120,325,4,30,6,1,3,3,2,11,11,29,2,21,861,512,15,74
13,63,1,1.male,24,0,0,0,0,27,625,115,1,23,36,134,330,3,25,1,0,1,6,2,10,17,27,1,24,791,528,10,79
14,64,1,1.male,33,0,0,0,0,32,527,123,3,26,50,107,312,8,33,2,0,1,5,0,11,21,26,1,18,711,510,8,77
15,65,1,1.male,26,0,0,0,0,21,554,115,1,24,49,89,276,12,44,1,1,0,5,0,7,13,20,3,25,715,470,7,68
16,66,1,1.male,33,0,0,0,0,20,513,90,1,22,38,76,258,9,29,0,0,0,7,0,13,18,18,1,16,646,410,7,66
17,67,1,1.male,25,0,0,0,0,20,428,90,5,25,32,90,228,4,39,6,1,1,8,0,17,19,24,3,22,568,393,16,85
18,68,1,1.male,24,0,0,0,0,24,407,95,3,30,27,82,211,2,32,4,0,0,9,1,14,9,27,4,26,559,354,14,80
19,69,1,1.male,31,0,0,0,0,24,398,79,2,17,41,83,209,9,33,5,0,1,6,0,9,7,19,5,18,520,375,12,58
20,70,1,1.male,28,0,0,0,0,34,405,98,3,30,42,69,200,6,36,2,1,0,13,0,16,21,27,8,25,570,353,16,97
21,71,1,1.male,42,0,0,0,0,24,378,92,0,23,33,79,204,7,38,5,0,0,7,0,12,17,27,5,22,517,361,12,83
22,72,1,1.male,57,0,0,0,0,29,428,87,1,30,47,79,187,9,44,9,0,3,10,1,16,21,26,5,25,575,366,23,93
23,73,1,1.male,39,0,0,0,0,37,404,77,8,32,39,67,195,14,32,6,0,1,9,0,7,16,25,7,29,558,347,16,84
24,74,1,1.male,37,0,0,0,0,34,381,94,5,32,52,89,178,6,42,10,1,1,5,1,19,17,31,5,28,546,367,18,100
25,75,1,1.male,49,0,0,0,0,32,359,97,6,30,45,52,180,10,33,9,0,0,13,0,23,19,17,6,34,524,320,22,99
26,76,1,1.male,63,0,0,0,0,32,316,84,8,33,46,60,162,9,28,5,0,0,15,1,28,26,24,4,23,473,305,21,105
27,77,1,1.male,39,0,0,0,0,34,296,77,6,24,43,67,143,12,25,6,0,1,11,2,20,27,28,6,19,437,290,20,100
28,78,1,1.male,45,0,0,0,0,45,297,67,5,26,45,57,143,10,35,9,2,1,18,1,17,13,23,3,28,440,290,31,84
29,79,1,1.male,51,0,0,0,0,35,228,65,6,20,45,54,130,9,39,12,1,0,15,2,21,13,18,6,19,354,277,30,77
30,80,1,1.male,47,0,0,0,0,35,218,58,4,23,40,31,93,14,27,11,1,1,14,0,19,15,13,7,14,338,205,27,68
31,81,1,1.male,49,0,0,0,0,25,171,54,3,15,57,25,98,6,34,10,0,1,5,0,26,10,11,12,21,268,220,16,80
32,82,1,1.male,38,0,0,0,0,34,135,43,10,22,29,35,74,8,19,12,0,0,15,0,14,12,15,6,20,244,165,27,67
33,83,1,1.male,39,0,0,0,0,35,99,36,5,25,35,26,72,10,21,12,0,1,14,0,27,9,10,4,17,200,164,27,67
34,84,1,1.male,38,0,0,0,0,21,110,27,11,13,34,22,47,12,13,8,0,0,14,0,16,12,8,7,18,182,128,22,61
35,85,1,1.male,45,0,0,0,0,20,82,23,4,25,34,18,44,11,17,11,0,1,16,1,20,7,9,8,16,154,124,29,60
36,86,1,1.male,34,0,0,0,0,21,52,25,7,14,26,13,27,12,16,17,0,0,13,0,18,5,4,8,10,119,94,30,45
37,87,1,1.male,28,0,0,0,0,17,43,16,8,11,18,17,30,7,7,11,2,1,10,0,19,3,6,10,15,95,79,24,53
38,88,1,1.male,23,0,0,0,0,18,33,10,12,10,24,14,23,4,6,12,1,1,9,0,18,2,5,6,8,83,71,23,39
39,89,1,1.male,22,0,0,0,0,20,16,10,6,9,11,7,12,5,7,12,0,0,10,0,10,3,4,2,9,61,42,22,28
40,90,1,1.male,18,0,0,0,0,19,22,7,4,4,16,5,8,8,3,7,1,0,8,0,9,1,2,5,4,56,40,16,21
41,91,1,1.male,16,0,0,0,0,9,12,4,5,8,8,5,8,4,2,10,0,0,5,0,13,4,0,3,4,38,27,15,24
42,92,1,1.male,19,0,0,0,0,7,12,3,4,4,9,4,2,1,3,5,0,0,5,1,6,1,0,0,3,30,19,11,10
43,93,1,1.male,5,0,0,0,0,7,7,1,3,3,2,3,3,3,1,5,0,0,4,0,10,0,1,1,2,21,12,9,14
44,94,1,1.male,7,0,0,0,0,3,2,2,2,2,2,1,2,1,1,4,0,0,5,0,4,1,0,2,2,11,7,9,9
45,95,1,1.male,4,0,0,0,0,4,6,2,1,1,1,1,0,1,1,1,0,0,4,1,4,0,0,1,2,14,4,6,7
46,96,1,1.male,4,0,0,0,0,4,0,1,1,0,1,0,2,0,0,3,0,0,1,0,2,0,1,2,0,6,3,4,5
47,97,1,1.male,2,0,0,0,0,3,0,1,2,0,0,1,1,0,0,1,0,0,2,0,1,0,0,0,3,6,2,3,4
48,98,1,1.male,2,0,0,0,0,2,0,0,0,0,3,0,0,0,0,4,0,0,0,0,0,0,0,0,0,2,3,4,0
49,99,1,1.male,1,0,0,0,0,0,0,0,0,0,0,0,1,1,0,1,0,0,0,0,0,0,0,0,2,0,2,1,2
0,50,2,1.male,2,0,0,0,0,3,157,14,0,4,0,18,18,0,1,1,0,0,0,0,0,1,0,0,2,178,37,1,3
1,51,2,1.male,3,0,0,0,0,5,362,40,0,2,1,42,36,0,3,0,0,0,0,0,0,4,1,0,2,409,82,0,7
2,52,2,1.male,7,0,0,0,0,2,513,54,0,6,1,36,49,0,3,0,0,0,0,0,0,3,2,0,3,575,89,0,8
3,53,2,1.male,2,0,0,0,0,8,641,61,1,10,5,52,85,0,4,0,0,0,0,0,0,3,0,0,5,721,146,0,8
4,54,2,1.male,5,0,0,0,0,8,737,69,0,6,4,64,94,0,5,0,0,0,0,0,0,11,4,0,2,820,167,0,17
5,55,2,1.male,4,0,0,0,0,9,824,97,0,8,8,84,116,0,11,0,0,0,0,0,0,7,8,0,1,938,219,0,16
6,56,2,1.male,4,0,0,0,0,13,836,102,1,13,6,80,118,1,8,0,0,0,0,0,1,7,3,0,4,965,213,0,15
7,57,2,1.male,5,0,0,0,0,10,825,130,0,15,9,69,121,1,13,0,0,0,0,0,2,10,3,0,4,980,213,0,19
8,58,2,1.male,6,0,0,0,0,10,787,106,2,19,7,66,123,0,16,1,0,0,0,0,2,7,3,0,7,924,212,1,19
9,59,2,1.male,9,0,0,0,0,12,818,100,0,13,8,78,123,0,9,0,0,0,0,0,3,15,9,1,3,943,218,0,31
10,60,2,1.male,8,0,0,0,0,21,828,81,1,20,13,74,121,0,8,0,0,0,0,0,1,12,10,0,5,951,216,0,28
11,61,2,1.male,12,0,0,0,0,15,807,97,0,19,13,74,121,0,16,0,0,1,0,0,3,17,7,0,5,938,224,1,32
12,62,2,1.male,14,0,0,0,0,20,799,88,1,21,9,76,101,0,7,0,0,0,0,0,2,12,7,0,6,929,193,0,27
13,63,2,1.male,15,0,0,0,0,19,824,89,1,25,12,83,107,2,11,0,0,0,0,0,2,12,7,1,4,958,215,0,26
14,64,2,1.male,11,0,0,0,0,29,805,79,0,26,18,69,110,1,20,0,1,0,0,0,2,14,9,0,7,939,218,1,32
15,65,2,1.male,19,0,0,0,0,17,811,98,1,29,11,75,104,2,13,0,0,0,2,0,5,15,13,3,9,956,205,2,45
16,66,2,1.male,24,0,0,0,0,18,725,89,0,30,22,71,111,3,10,0,0,0,3,0,7,16,12,2,14,862,217,3,51
17,67,2,1.male,20,0,0,0,0,18,727,93,2,30,18,65,105,1,10,0,1,0,3,0,8,23,9,2,9,870,199,4,51
18,68,2,1.male,19,0,0,0,0,25,655,76,1,23,15,58,106,0,15,0,0,0,5,0,8,25,17,0,8,780,194,5,58
19,69,2,1.male,23,0,0,0,0,24,717,88,1,34,22,63,92,2,11,1,1,0,4,0,6,15,12,2,9,864,190,6,44
20,70,2,1.male,26,0,0,0,0,39,653,84,1,43,24,67,103,6,16,0,0,1,2,0,11,21,15,3,9,820,216,3,59
21,71,2,1.male,26,0,0,0,0,34,664,89,2,36,22,64,105,4,17,1,0,0,5,0,7,28,12,3,10,825,212,6,60
22,72,2,1.male,42,0,0,0,0,30,658,106,2,46,20,50,108,12,15,1,0,0,4,0,8,24,22,3,19,842,205,5,76
23,73,2,1.male,37,0,0,0,0,30,617,89,3,44,29,71,100,6,26,5,0,0,3,1,8,31,18,5,15,783,232,9,77
24,74,2,1.male,44,0,0,0,0,48,561,106,3,40,30,61,104,5,17,4,1,0,9,0,12,31,22,4,17,758,217,14,86
25,75,2,1.male,34,0,0,0,0,36,525,95,4,45,25,59,105,6,23,1,0,1,8,1,10,30,15,4,13,705,218,11,72
26,76,2,1.male,41,0,0,0,0,38,477,78,9,40,29,61,79,2,25,5,0,0,7,2,14,20,16,2,19,642,196,14,71
27,77,2,1.male,45,0,0,0,0,36,413,66,8,31,36,51,107,11,17,9,3,2,4,1,9,14,16,3,19,554,222,19,61
28,78,2,1.male,30,0,0,0,0,32,368,81,4,39,29,53,71,7,13,6,2,0,8,0,16,28,18,1,24,524,173,16,87
29,79,2,1.male,35,0,0,0,0,23,353,65,6,30,41,44,83,7,24,7,2,0,11,0,15,27,13,4,13,477,199,20,72
30,80,2,1.male,41,0,0,0,0,32,308,52,7,30,36,30,87,9,13,7,0,0,4,0,14,17,7,9,15,429,175,11,62
31,81,2,1.male,37,0,0,0,0,43,281,61,4,30,29,33,73,8,16,10,0,0,5,1,15,18,11,2,8,419,159,16,54
32,82,2,1.male,37,0,0,0,0,31,226,41,11,17,20,30,68,4,13,13,0,2,10,1,13,12,19,4,15,326,135,26,63
33,83,2,1.male,45,0,0,0,0,25,197,34,5,23,33,19,70,14,20,4,0,0,8,2,25,18,6,7,7,284,156,14,63
34,84,2,1.male,29,0,0,0,0,25,142,36,9,23,28,25,40,8,14,10,0,2,6,0,12,13,5,7,10,235,115,18,47
35,85,2,1.male,35,0,0,0,0,30,118,31,9,24,34,19,27,3,14,13,1,0,4,0,15,10,10,8,9,212,97,18,52
36,86,2,1.male,27,0,0,0,0,19,94,22,11,18,27,18,28,3,6,9,0,0,5,0,14,10,7,6,7,164,82,14,44
37,87,2,1.male,22,0,0,0,0,22,77,20,13,13,12,16,22,6,11,8,0,0,6,0,11,3,2,7,6,145,67,14,29
38,88,2,1.male,24,0,0,0,0,18,71,19,2,7,12,5,11,6,4,6,0,0,9,0,9,3,2,7,10,117,38,15,31
39,89,2,1.male,25,0,0,0,0,25,44,12,11,9,16,12,14,4,3,13,0,1,7,0,18,7,3,3,6,101,49,21,37
40,90,2,1.male,20,0,0,0,0,11,31,6,4,4,9,7,9,4,3,7,1,0,4,1,11,4,1,4,2,56,32,13,22
41,91,2,1.male,21,0,0,0,0,17,18,3,3,3,11,2,4,1,4,10,0,0,9,0,6,1,1,3,2,44,22,19,13
42,92,2,1.male,9,0,0,0,0,8,16,3,7,4,4,4,4,1,3,8,0,0,7,0,3,2,1,1,5,38,16,15,12
43,93,2,1.male,9,0,0,0,0,4,12,3,5,2,1,0,1,2,1,9,0,0,2,0,4,2,0,1,0,26,5,11,7
44,94,2,1.male,8,0,0,0,0,9,6,3,3,2,3,2,1,2,1,5,0,0,1,0,5,0,0,2,0,23,9,6,7
45,95,2,1.male,4,0,0,0,0,4,0,0,1,0,1,0,1,0,1,3,0,0,3,0,2,0,0,1,0,5,3,6,3
46,96,2,1.male,1,0,0,0,0,0,6,0,0,0,2,0,0,2,0,3,0,0,1,0,0,0,0,1,0,6,4,4,1
47,97,2,1.male,2,0,0,0,0,0,0,0,1,0,1,0,0,0,0,1,0,0,0,0,2,2,0,1,0,1,1,1,5
48,98,2,1.male,2,0,0,0,0,3,1,0,0,0,0,0,0,0,0,1,0,0,0,0,0,0,0,0,1,4,0,1,1
49,99,2,1.male,0,0,0,0,0,0,0,0,1,0,0,0,0,0,0,0,0,0,2,0,0,0,0,0,0,1,0,2,0
0,50,3,1.male,1,0,0,0,0,2,181,11,0,2,1,11,6,0,1,0,0,0,0,0,0,1,1,0,0,196,19,0,2
1,51,3,1.male,0,0,0,0,0,1,455,18,0,4,0,18,12,0,2,0,0,0,0,0,1,4,2,0,2,478,32,0,9
2,52,3,1.male,2,0,0,0,0,3,583,27,0,8,3,24,25,0,0,0,0,0,0,0,1,3,0,0,2,621,52,0,6
3,53,3,1.male,1,0,0,0,0,4,836,31,0,9,1,26,28,0,8,0,0,0,0,0,0,6,4,0,3,880,63,0,13
4,54,3,1.male,2,0,0,0,0,8,865,45,0,8,3,39,49,0,2,0,0,0,0,0,1,8,3,0,1,926,93,0,13
5,55,3,1.male,4,0,0,0,0,6,992,53,0,16,1,30,41,0,1,0,0,0,0,0,0,11,7,0,4,1067,73,0,22
6,56,3,1.male,4,0,0,0,0,7,1057,57,0,12,6,32,48,0,2,0,0,0,0,0,1,6,3,0,4,1133,88,0,14
7,57,3,1.male,3,0,0,0,0,6,989,59,0,11,4,48,43,0,4,0,0,0,0,0,0,11,4,0,3,1065,99,0,18
8,58,3,1.male,5,0,0,0,0,4,906,41,0,15,3,30,42,0,1,0,0,0,1,0,2,11,4,0,1,966,76,1,18
9,59,3,1.male,8,0,0,0,0,11,870,53,0,23,5,36,44,1,1,0,0,0,0,0,0,9,2,0,7,957,87,0,18
10,60,3,1.male,2,0,0,0,0,10,879,46,0,22,4,26,37,0,1,0,0,0,0,0,0,12,4,0,3,957,68,0,19
11,61,3,1.male,7,0,0,0,0,5,828,58,0,9,2,34,39,0,3,1,0,0,0,0,0,14,2,0,1,900,78,1,17
12,62,3,1.male,5,0,0,0,0,14,737,42,0,19,4,33,36,0,4,0,0,0,0,0,2,14,2,0,4,812,77,0,22
13,63,3,1.male,3,0,0,0,0,12,672,45,0,23,3,29,34,0,3,0,0,0,0,0,0,10,1,0,4,752,69,0,15
14,64,3,1.male,4,0,0,0,0,7,616,33,1,16,7,26,29,1,9,0,0,0,0,0,1,10,4,0,2,673,72,0,17
15,65,3,1.male,7,0,0,0,0,7,587,40,1,17,3,26,21,0,5,0,1,0,0,0,0,18,2,0,5,652,55,1,25
16,66,3,1.male,7,0,0,0,0,8,544,33,1,16,5,15,29,0,3,1,0,0,0,0,2,14,5,0,5,602,52,1,26
17,67,3,1.male,10,0,0,0,0,6,547,35,1,16,1,36,28,0,8,1,0,0,1,0,1,17,1,1,2,605,73,2,22
18,68,3,1.male,8,0,0,0,0,7,442,32,0,20,10,27,22,0,3,0,0,0,0,1,3,13,5,0,3,501,62,1,24
19,69,3,1.male,6,0,0,0,0,13,433,38,0,28,7,25,32,0,5,1,0,0,2,0,2,16,4,1,5,512,69,3,28
20,70,3,1.male,5,0,0,0,0,15,432,27,2,18,6,19,21,1,6,0,0,0,1,1,2,18,3,1,4,494,53,2,28
21,71,3,1.male,7,0,0,0,0,14,399,51,0,22,6,23,35,1,5,0,0,0,0,0,3,12,7,0,7,486,70,0,29
22,72,3,1.male,11,0,0,0,0,20,438,25,3,24,4,24,38,1,5,1,0,0,3,0,3,20,4,0,6,510,72,4,33
23,73,3,1.male,13,0,0,0,0,11,391,35,1,21,11,22,38,0,5,2,0,0,1,0,4,11,3,0,10,459,76,3,28
24,74,3,1.male,12,0,0,0,0,8,378,29,2,31,5,21,42,0,5,1,0,0,2,0,4,18,5,0,12,448,73,3,39
25,75,3,1.male,9,0,0,0,0,19,358,36,3,26,5,17,32,3,3,0,0,0,2,0,5,11,4,0,7,442,60,2,27
26,76,3,1.male,9,0,0,0,0,14,318,47,3,28,12,21,32,0,11,5,0,0,2,1,5,24,5,1,7,410,76,8,42
27,77,3,1.male,10,0,0,0,0,15,310,33,1,19,13,24,43,3,10,1,0,0,2,0,8,17,9,1,7,378,93,3,42
28,78,3,1.male,15,0,0,0,0,16,278,26,3,24,11,15,38,3,8,1,1,0,2,0,6,20,11,0,5,347,75,4,42
29,79,3,1.male,18,0,0,0,0,20,242,33,3,18,14,15,33,2,6,2,0,0,0,0,7,14,6,1,9,316,70,2,37
30,80,3,1.male,16,0,0,0,0,16,241,33,3,26,12,17,28,4,11,1,0,0,2,0,7,22,4,4,3,319,72,3,40
31,81,3,1.male,20,0,0,0,0,22,212,38,2,22,15,20,30,3,7,5,0,0,4,1,11,8,7,0,10,296,75,10,36
32,82,3,1.male,20,0,0,0,0,26,201,32,0,27,15,14,35,5,9,7,0,0,2,0,11,19,3,6,8,286,78,9,47
33,83,3,1.male,14,0,0,0,0,20,156,24,8,13,9,8,24,6,6,5,1,1,2,0,9,9,5,3,8,221,53,9,34
34,84,3,1.male,16,0,0,0,0,24,154,13,2,13,23,30,31,5,13,0,0,0,5,0,6,5,6,1,14,206,102,5,32
35,85,3,1.male,23,0,0,0,0,23,119,18,5,15,15,9,24,4,6,4,0,1,2,1,8,4,2,7,9,180,58,8,30
36,86,3,1.male,17,0,0,0,0,17,120,27,12,10,10,14,20,2,3,5,0,0,5,0,11,5,3,4,7,186,49,10,30
37,87,3,1.male,25,0,0,0,0,18,75,16,7,11,7,6,12,4,8,5,2,1,3,0,7,9,3,8,4,127,37,11,31
38,88,3,1.male,19,0,0,0,0,20,81,9,8,9,8,10,21,4,4,5,1,1,10,0,9,3,6,3,7,127,47,17,28
39,89,3,1.male,12,0,0,0,0,15,36,11,9,11,5,6,7,5,2,6,0,0,8,0,7,4,3,8,4,82,25,14,26
40,90,3,1.male,16,0,0,0,0,17,52,12,4,5,12,2,13,4,5,9,2,1,1,1,2,3,1,2,7,90,36,14,15
41,91,3,1.male,15,0,0,0,0,13,25,6,3,2,6,4,10,2,2,13,0,0,4,0,7,1,2,1,8,49,24,17,19
42,92,3,1.male,9,0,0,0,0,8,22,8,8,5,9,2,6,3,3,5,0,0,3,2,7,1,2,6,2,51,23,10,18
43,93,3,1.male,13,0,0,0,0,7,16,1,7,1,1,3,5,3,0,3,0,0,3,0,6,1,0,4,0,32,12,6,11
44,94,3,1.male,7,0,0,0,0,10,10,0,7,2,4,1,4,3,4,5,0,0,2,1,5,0,0,5,2,29,16,8,12
45,95,3,1.male,5,0,0,0,0,1,8,3,1,2,1,0,2,1,0,6,1,0,1,0,0,1,1,0,0,15,4,8,2
46,96,3,1.male,5,0,0,0,0,4,6,2,1,0,2,1,0,1,3,12,0,0,1,0,4,0,0,0,1,13,7,13,5
47,97,3,1.male,5,0,0,0,0,1,3,1,0,1,1,0,1,1,0,1,0,0,1,0,1,0,0,1,1,6,3,2,3
48,98,3,1.male,3,0,0,0,0,3,2,0,2,1,1,0,0,1,1,1,0,0,1,0,1,0,0,0,0,8,3,2,1
49,99,3,1.male,1,0,0,0,0,2,0,0,1,1,1,0,0,0,1,0,0,0,1,0,1,0,0,1,0,4,2,1,2
0,50,1,2.female,5,0,0,0,0,6,649,78,1,10,15,77,235,0,11,0,0,0,0,0,1,8,13,0,8,744,338,0,30
1,51,1,2.female,6,0,0,0,0,7,794,108,0,15,9,118,289,2,20,0,0,1,1,0,2,7,25,0,12,924,438,2,46
2,52,1,2.female,12,0,0,0,0,10,1014,150,2,22,12,134,379,3,29,0,0,1,1,0,3,10,21,1,18,1198,557,2,53
3,53,1,2.female,14,0,0,0,0,7,1075,181,0,21,24,175,502,1,32,2,0,1,3,1,7,17,28,1,19,1284,734,7,72
4,54,1,2.female,20,0,0,0,0,14,1199,197,0,21,12,183,566,3,60,1,0,0,3,2,5,26,33,1,35,1431,824,6,100
5,55,1,2.female,16,0,0,0,0,15,1314,215,0,23,24,201,604,4,56,1,0,0,3,1,4,20,36,3,40,1567,889,5,103
6,56,1,2.female,13,0,0,0,0,19,1261,214,0,40,31,206,616,1,50,3,0,0,5,1,10,21,49,2,48,1534,904,9,130
7,57,1,2.female,18,0,0,0,0,10,1307,227,1,32,26,195,654,3,60,3,1,1,1,1,8,29,49,4,52,1577,938,7,142
8,58,1,2.female,27,0,0,0,0,15,1319,188,2,26,37,226,622,3,80,3,0,2,4,1,13,28,57,1,47,1550,968,10,146
9,59,1,2.female,21,0,0,0,0,13,1285,204,1,31,28,216,612,8,74,0,1,1,2,1,18,29,52,1,44,1534,938,5,144
10,60,1,2.female,25,0,0,0,0,21,1308,196,2,42,48,209,609,0,61,0,0,1,4,2,14,39,56,3,42,1569,927,7,154
11,61,1,2.female,23,0,0,0,0,23,1340,212,3,35,32,208,569,3,59,0,0,1,5,0,16,33,50,5,46,1613,871,6,150
12,62,1,2.female,29,0,0,0,0,16,1180,202,1,38,43,168,547,5,65,1,0,0,6,1,16,44,53,9,46,1437,828,8,168
13,63,1,2.female,27,0,0,0,0,18,1133,181,2,46,38,199,514,6,62,4,1,3,4,1,17,25,48,5,38,1380,819,13,133
14,64,1,2.female,28,0,0,0,0,19,987,155,4,45,47,161,433,6,81,2,3,1,6,1,11,27,46,6,55,1210,728,13,145
15,65,1,2.female,29,0,0,0,0,28,986,181,5,58,40,151,413,9,72,3,1,1,9,0,18,26,49,2,51,1258,685,14,146
16,66,1,2.female,28,0,0,0,0,19,867,130,6,51,33,127,380,7,53,8,0,0,12,0,16,34,50,10,54,1073,600,20,164
17,67,1,2.female,31,0,0,1,0,14,902,137,3,32,34,122,348,4,63,5,1,1,12,0,13,36,31,5,53,1088,571,19,138
18,68,1,2.female,32,0,0,0,0,27,804,139,2,35,29,130,322,3,65,10,0,1,6,0,11,32,50,1,53,1007,549,17,147
19,69,1,2.female,32,0,0,0,0,37,865,128,5,58,41,107,348,13,65,6,2,0,12,1,20,40,58,5,46,1093,574,21,169
20,70,1,2.female,35,0,0,0,0,24,813,140,5,61,41,112,296,7,63,10,1,1,7,0,16,35,55,8,36,1043,519,19,150
21,71,1,2.female,44,0,0,0,0,27,839,150,3,56,35,135,297,11,69,6,1,1,8,2,22,32,51,8,58,1075,547,18,171
22,72,1,2.female,45,0,0,0,0,36,783,171,8,60,49,108,297,17,71,6,1,2,14,0,23,46,46,9,53,1058,542,23,177
23,73,1,2.female,47,0,0,0,0,34,767,151,8,66,49,111,315,12,68,5,0,2,16,0,33,35,53,9,64,1026,555,23,194
24,74,1,2.female,45,0,0,0,0,40,696,123,7,53,43,118,311,13,62,18,0,0,18,2,28,51,48,9,68,919,547,38,204
25,75,1,2.female,65,0,0,0,0,37,660,128,4,56,47,105,307,10,77,14,1,1,23,0,23,51,45,13,56,885,546,39,188
26,76,1,2.female,49,0,0,0,0,39,585,130,13,48,38,80,255,13,83,8,0,1,21,2,30,31,38,11,72,815,469,32,182
27,77,1,2.female,43,0,0,0,0,31,536,131,7,56,50,92,240,15,60,13,0,2,21,0,36,41,44,18,61,761,457,36,200
28,78,1,2.female,59,0,0,0,0,32,455,107,13,56,41,87,231,16,74,17,0,4,24,1,24,29,47,18,75,663,449,46,193
29,79,1,2.female,42,0,0,0,0,18,431,83,22,40,46,76,202,16,49,15,3,2,22,1,25,23,42,20,77,594,389,43,187
30,80,1,2.female,43,0,0,0,0,36,384,89,17,38,42,63,193,20,64,18,0,0,36,1,33,37,43,16,58,564,382,55,187
31,81,1,2.female,42,0,0,0,0,29,322,82,19,59,41,64,165,20,51,21,1,5,34,2,30,32,40,20,46,511,341,63,168
32,82,1,2.female,43,0,0,0,0,32,259,73,24,48,44,49,130,27,43,27,1,3,43,1,30,29,30,20,44,436,293,75,153
33,83,1,2.female,41,0,0,0,0,34,222,62,18,35,48,52,131,29,54,21,3,3,30,0,30,19,26,24,48,371,314,57,147
34,84,1,2.female,47,0,0,0,0,41,208,54,18,38,32,50,96,19,37,39,2,1,45,2,24,15,33,15,47,359,234,89,134
35,85,1,2.female,39,0,0,0,0,30,165,50,26,26,27,32,85,22,45,27,2,2,50,1,27,10,28,20,40,297,211,82,125
36,86,1,2.female,42,0,0,0,0,35,125,35,15,34,33,25,85,25,25,29,0,3,46,2,30,14,17,13,46,244,193,80,120
37,87,1,2.female,32,0,0,1,0,28,104,34,23,26,33,20,54,24,30,28,1,2,41,1,30,12,18,23,32,215,161,73,115
38,88,1,2.female,44,0,0,0,0,19,75,24,19,18,21,25,56,19,24,27,0,0,56,3,21,17,8,15,41,155,145,86,102
39,89,1,2.female,32,0,0,0,0,17,61,17,18,24,13,21,30,19,16,29,0,2,37,1,18,8,13,14,25,137,99,69,78
40,90,1,2.female,28,0,0,0,0,16,57,11,14,22,14,16,25,19,19,26,1,1,46,0,25,6,12,17,27,120,93,74,87
41,91,1,2.female,19,0,0,0,0,15,28,13,12,9,12,10,16,13,17,28,1,1,37,1,18,5,11,15,12,77,68,68,61
42,92,1,2.female,22,0,0,0,0,12,18,9,13,11,13,4,25,4,6,27,1,1,37,0,22,4,7,16,14,63,52,66,63
43,93,1,2.female,15,0,0,0,0,11,25,7,10,3,14,8,7,3,11,24,1,1,35,0,13,6,2,10,17,56,43,61,48
44,94,1,2.female,12,0,0,0,0,6,18,3,12,1,6,2,10,8,7,22,1,0,32,0,14,1,2,6,9,40,33,55,32
45,95,1,2.female,12,0,0,0,0,12,18,3,6,5,10,4,2,7,1,20,0,0,21,0,11,2,5,4,10,44,24,41,32
46,96,1,2.female,9,0,0,0,0,4,10,1,6,1,5,1,5,1,3,10,0,0,14,0,9,1,0,4,4,22,15,24,18
47,97,1,2.female,11,0,0,0,0,7,5,0,4,4,5,2,1,2,2,10,0,0,12,0,6,1,2,1,4,20,12,22,14
48,98,1,2.female,7,0,0,0,0,3,3,1,4,2,5,2,1,2,0,6,1,0,9,0,3,1,2,2,1,13,10,16,9
49,99,1,2.female,7,0,0,0,0,4,2,0,2,2,1,1,1,1,0,4,0,0,9,1,2,0,0,2,6,10,4,14,10
0,50,2,2.female,0,0,0,0,0,1,509,44,1,0,0,30,36,0,2,0,0,0,0,0,0,6,3,0,1,555,68,0,10
1,51,2,2.female,0,0,0,0,0,0,728,48,0,9,3,36,61,0,1,0,0,0,0,0,1,4,3,0,1,785,101,0,9
2,52,2,2.female,1,0,0,0,0,3,748,68,1,11,1,50,94,0,6,0,0,0,0,0,1,2,4,1,2,831,151,0,10
3,53,2,2.female,3,0,0,0,0,6,967,88,0,10,5,67,102,0,4,0,0,0,0,0,2,9,2,0,2,1071,178,0,15
4,54,2,2.female,3,0,0,0,0,6,1058,76,0,12,1,78,107,0,4,0,0,0,0,0,0,6,7,1,5,1152,190,0,19
5,55,2,2.female,3,0,0,0,0,4,1143,105,0,13,4,71,145,0,5,0,0,0,0,0,2,8,7,0,9,1265,225,0,26
6,56,2,2.female,4,0,0,0,0,9,1094,103,0,18,3,84,117,0,16,0,0,0,0,0,2,13,6,0,6,1224,220,0,27
7,57,2,2.female,2,0,0,0,0,5,1123,115,0,16,7,79,126,0,18,0,0,0,0,0,1,6,6,1,5,1259,230,0,19
8,58,2,2.female,5,0,0,0,0,8,1040,93,0,17,5,64,133,0,9,0,0,0,0,0,3,12,11,1,6,1158,211,0,33
9,59,2,2.female,6,0,0,0,0,9,1039,92,1,26,7,81,124,1,15,0,0,0,0,0,3,11,9,0,9,1167,228,0,32
10,60,2,2.female,6,0,0,0,0,9,1036,86,0,25,8,50,136,1,9,1,1,0,0,0,3,11,12,1,8,1156,204,2,35
11,61,2,2.female,2,0,0,0,0,7,1035,101,2,23,7,73,116,1,15,1,0,0,0,0,2,16,8,0,5,1168,212,1,31
12,62,2,2.female,4,0,0,0,0,12,938,72,0,18,1,65,113,2,17,0,0,0,1,0,1,18,10,0,9,1040,198,1,38
13,63,2,2.female,6,0,0,0,0,7,944,75,1,24,4,72,102,0,16,0,0,0,2,0,1,19,9,0,10,1051,194,2,39
14,64,2,2.female,7,0,0,0,0,11,929,73,1,32,9,62,99,0,11,1,0,0,0,0,1,10,7,1,10,1046,181,1,29
15,65,2,2.female,9,0,0,0,0,9,903,65,3,26,9,57,85,0,16,0,0,0,1,0,4,19,10,1,13,1006,167,1,47
16,66,2,2.female,10,0,0,0,0,16,786,74,0,28,12,57,98,1,20,0,0,0,1,1,3,21,10,1,10,904,188,2,45
17,67,2,2.female,14,0,0,0,0,17,805,59,3,39,14,59,78,1,19,1,0,1,2,0,9,20,14,0,18,923,171,4,61
18,68,2,2.female,11,0,0,0,0,18,770,73,2,25,11,59,90,2,21,0,1,1,4,0,7,30,23,0,15,888,183,6,75
19,69,2,2.female,8,0,0,0,0,13,743,79,7,37,10,52,94,2,13,0,0,0,5,0,5,35,19,1,8,879,171,5,68
20,70,2,2.female,15,0,0,0,0,21,767,77,4,42,8,56,108,2,22,1,0,0,1,0,7,26,17,7,14,911,196,2,71
21,71,2,2.female,12,0,0,0,0,11,748,70,6,43,19,47,115,4,22,4,0,1,4,0,5,15,20,5,16,878,207,9,61
22,72,2,2.female,23,0,0,0,0,20,692,58,2,58,8,50,133,7,28,2,0,0,6,0,6,36,23,2,22,830,226,8,89
23,73,2,2.female,26,0,0,0,0,18,739,80,2,56,14,61,111,4,27,3,1,1,3,0,8,34,13,7,26,895,217,8,88
24,74,2,2.female,17,0,0,0,0,12,717,100,4,56,19,51,131,8,37,2,0,0,9,1,9,29,27,4,29,889,246,12,98
25,75,2,2.female,19,0,0,0,0,30,632,87,8,59,24,58,109,4,29,5,1,2,8,1,16,35,21,7,25,816,224,17,104
26,76,2,2.female,25,0,0,0,0,20,649,87,6,50,23,48,120,4,36,5,1,1,12,2,9,41,15,8,38,812,231,21,111
27,77,2,2.female,30,0,0,0,0,31,561,82,7,60,28,48,111,5,28,6,0,1,6,1,13,35,17,8,33,741,220,14,106
28,78,2,2.female,20,0,0,0,0,31,514,81,13,48,23,58,95,11,30,5,0,1,8,2,23,29,23,6,33,687,217,16,114
29,79,2,2.female,35,0,0,0,0,26,486,79,8,51,25,47,103,12,30,8,0,0,10,0,20,38,19,11,41,650,217,18,129
30,80,2,2.female,35,0,0,0,0,29,430,81,10,63,13,51,84,10,28,13,1,0,14,4,22,28,24,15,26,613,186,32,115
31,81,2,2.female,35,0,0,0,0,41,396,74,12,42,20,35,90,14,29,9,1,0,15,2,21,24,21,12,31,565,188,27,109
32,82,2,2.female,35,0,0,0,0,27,331,64,17,59,20,49,74,10,23,13,0,1,18,1,15,28,22,16,33,498,176,33,114
33,83,2,2.female,32,0,0,0,0,28,282,56,23,40,28,38,71,14,31,17,2,1,21,1,19,28,17,12,35,429,182,42,111
34,84,2,2.female,35,0,0,0,0,24,263,59,15,41,22,24,65,18,24,16,1,4,26,0,20,36,15,11,31,402,153,47,113
35,85,2,2.female,34,0,0,0,0,36,212,41,16,30,17,34,44,14,28,18,0,2,27,1,22,29,24,13,24,335,137,48,112
36,86,2,2.female,33,0,0,0,0,35,170,41,19,30,26,26,54,20,18,24,1,3,21,1,12,20,19,14,19,295,144,50,84
37,87,2,2.female,29,0,0,0,0,28,151,25,21,26,16,14,46,15,24,22,0,4,30,1,17,21,9,11,22,251,115,57,80
38,88,2,2.female,32,0,0,0,0,22,118,19,18,29,22,16,27,15,18,20,1,1,29,1,17,14,11,11,19,206,98,52,72
39,89,2,2.female,29,0,0,0,0,22,90,11,21,13,8,14,18,15,13,13,0,0,38,0,15,14,6,12,11,157,68,51,58
40,90,2,2.female,23,0,0,0,0,18,73,16,23,23,16,8,21,9,11,18,2,0,23,2,16,19,10,10,17,153,65,45,72
41,91,2,2.female,18,0,0,0,0,21,45,12,14,20,14,7,11,6,6,19,2,0,27,3,13,11,6,14,11,112,44,51,55
42,92,2,2.female,12,0,0,0,0,11,34,14,12,11,10,6,11,9,8,15,0,0,25,2,11,14,3,10,9,82,44,42,47
43,93,2,2.female,9,0,0,0,0,10,24,6,10,11,6,7,4,6,3,15,2,0,14,0,8,3,2,7,5,61,26,31,25
44,94,2,2.female,14,0,0,0,0,11,19,4,5,4,6,4,0,2,2,10,2,0,25,0,10,4,2,6,8,43,14,37,30
45,95,2,2.female,10,0,0,0,0,12,13,2,5,4,5,3,2,5,0,10,0,0,15,2,12,3,0,3,2,36,15,27,20
46,96,2,2.female,6,0,0,0,0,6,6,6,1,5,2,3,1,1,0,18,0,0,11,1,6,0,1,1,2,24,7,30,10
47,97,2,2.female,10,0,0,0,0,4,13,2,3,2,3,1,0,0,0,5,0,0,9,0,3,0,0,0,2,24,4,14,5
48,98,2,2.female,6,0,0,0,0,2,2,0,4,0,2,1,2,0,1,4,0,0,5,0,5,1,0,1,2,8,6,9,9
49,99,2,2.female,4,0,0,0,0,2,2,0,3,1,0,0,0,1,0,5,0,0,4,0,1,1,0,1,0,8,1,9,3
0,50,3,2.female,0,0,0,0,0,1,246,9,0,3,0,6,11,0,2,0,0,0,0,0,1,4,1,0,0,259,19,0,6
1,51,3,2.female,1,0,0,0,0,0,384,24,1,6,0,16,18,0,0,0,0,0,0,0,0,6,1,0,1,415,34,0,8
2,52,3,2.female,1,0,0,0,0,1,497,16,0,5,2,19,18,0,4,0,0,0,0,0,0,7,1,0,1,519,43,0,9
3,53,3,2.female,0,0,0,0,0,2,590,24,0,9,0,24,27,0,3,0,0,0,0,0,2,4,1,0,1,625,54,0,8
4,54,3,2.female,2,0,0,0,0,6,598,36,0,10,1,29,30,0,1,0,0,0,0,0,0,9,2,0,3,650,61,0,14
5,55,3,2.female,0,0,0,0,0,3,698,28,0,10,0,29,30,0,4,0,0,0,0,0,1,7,2,0,1,739,63,0,11
6,56,3,2.female,2,0,0,0,0,3,670,26,0,12,1,29,49,0,2,0,0,0,0,0,0,6,2,0,4,711,81,0,12
7,57,3,2.female,1,0,0,0,0,6,695,35,0,15,3,20,24,0,3,0,0,0,0,0,1,5,1,0,0,751,50,0,7
8,58,3,2.female,0,0,0,0,0,5,642,32,0,12,0,23,31,0,3,0,0,0,0,0,0,6,4,0,3,691,57,0,13
9,59,3,2.female,3,0,0,0,0,2,670,23,0,7,1,31,28,0,3,0,0,0,0,0,0,4,2,0,2,702,63,0,8
10,60,3,2.female,1,0,0,0,0,2,593,33,0,11,1,22,36,0,2,1,0,0,0,0,0,7,3,0,3,639,61,1,13
11,61,3,2.female,0,0,0,0,0,3,624,19,0,13,1,16,29,0,2,0,0,0,0,0,3,7,0,0,4,659,48,0,14
12,62,3,2.female,4,0,0,0,0,2,487,27,0,16,3,30,26,0,3,0,0,0,0,0,1,8,3,0,0,532,62,0,12
13,63,3,2.female,1,0,0,0,0,3,520,23,0,15,1,23,21,0,4,0,0,0,0,0,0,11,2,0,2,561,49,0,15
14,64,3,2.female,3,0,0,0,0,1,477,22,0,17,1,20,24,0,2,0,0,0,0,0,1,12,3,0,1,517,47,0,17
15,65,3,2.female,2,0,0,0,0,8,472,23,0,17,1,16,18,0,2,0,0,0,0,0,2,9,3,0,2,520,37,0,16
16,66,3,2.female,2,0,0,0,0,3,398,20,0,14,1,14,13,1,6,0,0,0,0,0,0,13,3,0,9,435,35,0,25
17,67,3,2.female,7,0,0,0,0,5,452,23,0,14,2,12,17,0,6,0,1,0,0,0,1,10,1,0,4,494,37,1,16
18,68,3,2.female,1,0,0,0,0,6,385,16,1,10,4,8,17,0,4,1,0,0,0,0,1,9,4,0,6,418,33,1,20
19,69,3,2.female,5,0,0,0,0,0,418,25,0,16,4,13,15,0,7,0,0,0,0,0,2,11,6,0,7,459,39,0,26
20,70,3,2.female,6,0,0,0,0,4,369,25,0,13,4,10,13,0,8,1,0,0,0,0,0,12,5,0,2,411,35,1,19
21,71,3,2.female,4,0,0,0,0,14,379,25,1,24,3,13,25,1,5,0,1,0,0,0,0,12,5,1,7,443,47,1,25
22,72,3,2.female,8,0,0,0,0,5,318,16,2,22,5,13,28,3,8,2,0,0,2,0,0,16,2,0,8,363,57,4,26
23,73,3,2.female,4,0,0,0,0,8,358,19,1,20,8,21,27,3,4,3,0,0,2,0,0,14,4,0,4,406,63,5,22
24,74,3,2.female,5,0,0,0,0,12,324,24,1,26,1,13,32,0,4,1,0,2,4,1,4,23,8,3,4,387,50,8,42
25,75,3,2.female,12,0,0,0,0,9,310,27,1,29,7,8,26,4,7,2,0,0,1,0,2,12,6,2,7,376,52,3,29
26,76,3,2.female,7,0,0,0,0,7,313,20,0,16,6,16,29,0,14,0,1,0,5,0,3,17,5,0,10,356,65,6,35
27,77,3,2.female,6,0,0,0,0,7,283,38,7,32,5,19,33,1,6,3,1,1,2,0,5,22,4,2,13,367,64,7,46
28,78,3,2.female,9,0,0,0,0,10,311,32,5,14,10,9,29,3,10,0,0,0,6,0,5,15,8,0,12,372,61,6,40
29,79,3,2.female,15,0,0,0,0,12,263,24,3,29,8,22,25,3,8,3,0,0,2,0,5,15,8,5,13,331,66,5,46
30,80,3,2.female,10,0,0,0,0,14,252,25,6,16,12,11,37,1,4,2,0,0,8,0,5,11,8,2,10,313,65,10,36
31,81,3,2.female,11,0,0,0,0,9,244,35,7,17,9,12,33,5,11,2,1,1,6,0,5,20,6,6,14,312,70,10,51
32,82,3,2.female,9,0,0,1,0,20,216,20,7,37,13,18,23,3,13,2,0,0,9,2,7,10,14,0,9,300,70,13,40
33,83,3,2.female,12,0,0,0,0,16,199,24,18,20,8,15,31,3,7,8,1,1,13,1,5,16,16,9,14,277,64,24,60
34,84,3,2.female,16,0,0,0,0,18,161,21,5,27,15,17,24,1,4,8,1,2,7,1,4,18,7,4,12,232,61,19,45
35,85,3,2.female,17,0,0,0,0,14,143,22,10,22,12,13,25,9,12,7,1,0,12,0,8,12,4,7,16,211,71,20,47
36,86,3,2.female,12,0,0,0,0,15,139,18,15,17,9,13,23,5,13,5,0,1,8,1,9,16,5,5,10,204,63,15,45
37,87,3,2.female,14,0,0,0,0,16,95,15,11,17,11,10,17,9,6,12,2,0,20,1,9,7,8,8,11,154,53,35,43
38,88,3,2.female,15,0,0,0,0,13,96,8,15,16,13,8,16,7,7,13,0,1,13,4,12,9,8,3,11,148,51,31,43
39,89,3,2.female,11,0,0,0,0,15,66,12,5,25,9,6,16,10,8,12,1,2,17,1,7,10,4,7,9,123,49,33,37
40,90,3,2.female,13,0,0,0,0,18,49,10,8,13,2,4,10,4,8,14,1,0,22,1,8,6,3,10,9,98,28,38,36
41,91,3,2.female,14,0,0,0,0,12,43,6,10,5,10,3,4,7,4,8,2,0,13,0,14,6,1,8,9,76,28,23,38
42,92,3,2.female,12,0,0,0,0,13,24,7,9,12,6,1,7,4,5,6,1,2,9,0,8,2,3,5,9,65,23,18,27
43,93,3,2.female,13,0,0,0,0,11,17,5,6,14,4,3,1,1,1,9,3,1,15,3,9,5,1,3,2,53,10,31,20
44,94,3,2.female,12,0,0,0,0,2,9,2,3,6,5,3,2,2,3,12,1,0,9,0,2,4,1,3,3,22,15,22,13
45,95,3,2.female,7,0,0,0,0,4,14,3,5,1,2,0,1,3,2,8,1,2,9,0,7,4,0,10,4,27,8,20,25
46,96,3,2.female,4,0,0,0,0,4,4,2,3,7,2,2,1,0,2,4,0,0,11,1,6,2,0,1,6,20,7,16,15
47,97,3,2.female,5,0,0,0,0,7,1,1,3,1,2,0,0,0,0,7,0,0,8,1,3,2,0,0,3,13,2,16,8
48,98,3,2.female,3,0,0,0,0,2,1,1,4,0,1,1,0,0,0,2,0,0,2,0,6,0,2,4,2,8,2,4,14
49,99,3,2.female,2,0,0,0,0,0,1,0,1,0,2,0,0,1,0,3,0,0,7,0,3,0,0,2,2,2,3,10,7
